type,speciesID,scientificName,commonName,shortCode,speciesCode,active
tally-species,10008,Phoebastria nigripes,Black-footed Albatross,BFAL,952,
tally-species,10009,Phoebastria immutabilis,Laysan Albatross,LAAL,951,
tally-species,10010,Diomedea albatrus,Short-tailed Albatross,STAL,950,
tally-species,10011,Diomedeidae,Albatross Unid,ALBU,949,
tally-species,10012,Alcidae,Alcid Unid,ALCU,983,
tally-species,10013,Anchoa compressa,Deepbody Anchovy,DEAN,609,
tally-species,10014,Engraulis mordax,Northern Anchovy,NANC,610,
tally-species,10015,Engraulidae,Anchovy Unid,ANCU,605,
tally-species,10016,Actiniaria,Anemone Unid,ANEU,55,
tally-species,10018,Argentina sialis,Pacific Argentine,PAAR,681,
tally-species,10020,Pleurogrammus monopterygius,Atka Mackerel,AMCK,204,
tally-species,10021,Cerorhinca monocerata,Rhinoceros Auklet,RHAU,995,
tally-species,10022,Cirripedia,Barnacles Unid,BARU,48,
tally-species,10023,Sphyraena argentea,California Barracuda,CUDA,682,
tally-species,10024,Paralepididae,Barracudina Unid,BRRU,770,
tally-species,10025,Stereolepis gigas,Giant Sea Bass,GBAS,476,
tally-species,10026,Paralabrax clathratus,Kelp Bass,KEBA,477,
tally-species,10027,Paralabrax maculatofasciatus,Spotted Sand Bass,SSBA,478,
tally-species,10028,Atractoscion nobilis,White Seabass,WBAS,481,
tally-species,10029,Percichthyidae/Serranidae,Bass Unid,BASS,480,
tally-species,10030,Berardius bairdii,Bairds Beaked Whale,BABW,1001,
tally-species,10031,Mesoplodon densirostris,Blainevilles Beaked Whale,BBWH,1002,
tally-species,10032,Mesoplodon ginkgodens,Gingko-toothed Beaked Whale,GBWH,1004,
tally-species,10033,Mesoplodon carlhubbsi,Hubbs Beaked Whale,HBKW,1006,
tally-species,10034,Mesoplodon hectori,Hectors Beaked Whale,HBWH,1005,
tally-species,10035,Mesoplodon stejnegeri,Stejnegers Beaked Whale,SBWH,1007,
tally-species,10036,Ziphiidae,Beaked Whale Unid,BEWH,1008,
tally-species,10037,Aves,Bird Unid,BIRU,900,
tally-species,10038,Bivalvia,Bivalve Unid,BIVU,27,
tally-species,10039,Neoscopelidae,Blackchin Unid,BLAU,683,
tally-species,10040,Idiacanthinae,Blackdragon Unid,BLDU,684,
tally-species,10041,Chromis punctipinnis,Blacksmith,BLSM,685,
tally-species,10042,Sarda chiliensis,Pacific Bonito,PBNT,686,
tally-species,10043,Gonostomatidae,Bristlemouth Unid,BRIU,687,
tally-species,10044,Peprilus simillimus,Pacific Butterfish,PBTR,688,
tally-species,10045,Scorpaenichthys marmoratus,Cabezon,CBZN,689,
tally-species,10046,Mallotus villosus,Capelin,CPLN,604,
tally-species,10047,Gadus macrocephalus,Pacific Cod,PCOD,202,
tally-species,10048,Microgadus proximus,Pacific Tom Cod,TCOD,209,
tally-species,10049,Zaniolepis frenata,Shortspine Combfish,SHCO,691,
tally-species,10050,Fulica americana,American Coot,AMCO,912,
tally-species,10051,Anthozoa,Corals Unid,CORU,32,
tally-species,10052,Menticirrhus undulatus,California Corbina,CACO,692,
tally-species,10053,Phalacrocorax auritus,Double-crested Cormorant,DCCO,963,
tally-species,10054,Phalacrocorax pelagicus,Pelagic Cormorant,PECO,964,
tally-species,10055,Phalacrocoracidae,Cormorant Unid,CRMU,961,
tally-species,10056,Chionoecetes angulatus,Angulatus Tanner Crab,ATCB,19,
tally-species,10057,Chionoecetes bairdi,Bairdi Tanner Crab,BTCR,4,
tally-species,10058,Lopholithodes foraminatus,Brown Box Crab,BRCR,6,
tally-species,10059,Lithodes couesi,Scarlet King Crab,SCCR,16,
tally-species,10060,Majidae,Decorator/Spider Crab Unid,DECU,39,
tally-species,10061,Cancer magister,Dungeness Crab,DCRB,12,
tally-species,10062,Paguridae,Hermit Unid Crab,HERU,15,
tally-species,10063,Paralithodes rathbuni,Spiny King Crab,SKCB,8,
tally-species,10064,Lithodidae,King Unid Crab,KINU,2,
tally-species,10065,Lithodidea,Lithoid Crab,LICR,14,
tally-species,10066,Hyas spp.,Lyre Unid Crab,LYRU,840,
tally-species,10067,Paralomis multispina,Hair Crab,HACR,17,
tally-species,10068,Paralomis verrilli,Flat-legged Spider Crab,FSCB,38,
tally-species,10069,Cancer productus,Red Rock Crab,RCRB,9,
tally-species,10070,Cancridae,Cancer Unid Crab,CAUC,10,
tally-species,10071,Chionoecetes tanneri,Tanneri Tanner Crab,TTCR,18,
tally-species,10072,Cancer anthonyi,Yellow Rock Crab,YRCR,11,
tally-species,10073,Brachyura/Anomura,Crab Unid,CRBU,1,
tally-species,10074,Cheilotrema saturnum,Black Croaker,BLCR,725,
tally-species,10075,Roncador stearnsi,Spotfin Croaker,SPCR,726,
tally-species,10076,Umbrina roncador,Yellowfin Croaker,YECR,729,
tally-species,10077,Sciaenidae,Croaker Unid,CROU,727,
tally-species,10078,Holothuroidea,Sea Cucumber Unid,SECU,41,
tally-species,10079,Chilara taylori,Spotted Cusk-eel,CEEL,261,
tally-species,10080,Ophidiidae,Cusk-eel Unid,CUSU,262,
tally-species,10081,Anotopterus nikparini,North Pacific Daggertooth,NDAG,679,
tally-species,10082,Bathylagidae,Deepsea smelt Unid,DEEU,693,
tally-species,10083,Salvelinus malma,Dolly Varden,DOVA,228,
tally-species,10084,Tursiops truncatus,Common Bottlenose Dolphin,CBDO,1009,
tally-species,10085,Delphinus delphis,Short-beaked Common Dolphin,SBCD,1014,
tally-species,10086,Delphinus capensis,Long-beaked Common Dolphin,LBCD,1010,
tally-species,10087,Lissodelphis borealis,Northern Right Whale Dolphin,NRWD,1011,
tally-species,10088,Grampus griseus,Rissos Dolphin,RIDO,1013,
tally-species,10089,Stenella coeruleoalba,Striped Dolphin,STDO,1015,
tally-species,10090,Lagenorhynchus obliquidens,Pacific White-sided Dolphin,PWSD,1012,
tally-species,10091,Delphinidae,Dolphin Unid,DOLU,1016,
tally-species,10092,Coryphaena hippurus,Dolphinfish,DOLP,694,
tally-species,10093,Lyconema barbatum,Bearded Eelpout,BEEE,252,
tally-species,10094,Lycodes cortezianus,Bigfin Eelpout,BIEE,254,
tally-species,10095,Lycodes diapterus,Black Eelpout,BLEE,255,
tally-species,10096,Lycodapus fierasfer,Blackmouth Eelpout,BMEE,257,
tally-species,10097,Lycenchelys crotalinus,Flatcheek Eelpout,,258,0
tally-species,10098,Melanostigma pammelas,Midwater Eelpout,MIDE,259,
tally-species,10099,Bothrocara molle,Soft Eelpout,SOEE,263,
tally-species,10100,Bothrocara brunneum,Twoline Eelpout,TWEE,253,
tally-species,10101,Lycodes palearis,Wattled Eelpout,WAEE,251,
tally-species,10102,Zoarcidae,Eelpout Unid,EELU,250,
tally-species,10103,Thaleichthys pacificus,Eulachon,EULC,601,
tally-species,10104,Vertebrata,Fish Unid,FISU,777,
tally-species,10105,Antimora microlepis,Pacific Flatnose,PFNS,214,
tally-species,10106,Atheresthes stomias,Arrowtooth Flounder,ARTH,141,
tally-species,10107,Platichthys stellatus,Starry Flounder,STRY,142,
tally-species,10108,Neoclinus blanchardi,Sarcastic Fringehead,SAFR,436,
tally-species,10109,Fulmarus glacialis,Northern Fulmar,NOFU,954,
tally-species,10110,Arctocephalus townsendi,Guadalupe Fur Seal,GUFS,1017,
tally-species,10111,Callorhinus ursinus,Northern Fur Seal,NFSE,1018,
tally-species,10112,Arctocephalinae,Fur Seal Unid,FURU,1019,
tally-species,10113,"Cans, bottles, old line, etc.",Garbage/ Trash,GARB,667,
tally-species,10114,Aechmophorus occidentalis,Western Grebe,WEGR,943,
tally-species,10115,Podiceps grisegena,Red-necked Grebe,RNGR,942,
tally-species,10116,Podiceps auritus,Horned Grebe,HOGR,945,
tally-species,10117,Podicipedidae,Grebe Unid,GREU,946,
tally-species,10118,Hexagrammos decagrammus,Kelp Greenling,KLPG,392,
tally-species,10119,Oxylebius pictus,Painted Greenling,PAGN,394,
tally-species,10120,Hexagrammos lagocephalus,Rock Greenling,RCKG,393,
tally-species,10121,Hexagrammos stelleri,Whitespotted Greenling,WHGR,391,
tally-species,10122,Albatrossia pectoralis,Giant Grenadier,GIGR,82,
tally-species,10123,Coryphaenoides acrolepis,Pacific Grenadier,PAGR,83,
tally-species,10124,Macrouridae,Grenadier Unid,GREN,80,
tally-species,10125,Cepphus,Guillemot Unid,GUIU,948,
tally-species,10126,Zapteryx exasperata,Banded Guitarfish,BAGU,180,
tally-species,10127,Rhinobatos productus,Shovelnose Guitarfish,SHGU,181,
tally-species,10128,Larus glaucescens,Glaucous-winged Gull,GLGU,979,
tally-species,10129,Larus californicus,California Gull,CAGU,975,
tally-species,10130,Larus delawarensis,Ring-billed Gull,RBGU,981,
tally-species,10131,Larus heermanni,Heermanns Gull,HEGU,978,
tally-species,10132,Larus canus,Mew Gull,MEGU,980,
tally-species,10133,Laridae,Gull Unid,GULU,974,
tally-species,10134,Pholidae,Gunnel Unid,GUNU,430,
tally-species,10135,Sternoptychidae,Hachetfish Unid,HACU,695,
tally-species,10136,Eptatretus stouti,Pacific Hagfish,PAHA,79,
tally-species,10137,Myxinidae,Hagfish Unid,UHAG,77,
tally-species,10138,Merluccius productus,Pacific Hake,PWHT,206,
tally-species,10139,Medialuna californiensis,Halfmoon,HALF,697,
tally-species,10140,Paralichthys californicus,California Halibut,CHLB,124,
tally-species,10141,Hippoglossus stenolepis,Pacific Halibut,PHLB,101,
tally-species,10142,Clupea pallasii,Pacific Herring,PHRG,611,
tally-species,10143,Etrumeus teres,Round Herring,RHRG,612,
tally-species,10144,Animalia,Invertebrate Unid,INVU,13,
tally-species,10145,Seriola lalandi,Yellowtail Jack,YEJA,698,
tally-species,10146,Scyphozoa,Jellyfish Unid,JELU,35,
tally-species,10147,Heterostichus rostratus,Giant Kelpfish,KFSH,740,
tally-species,10148,Clinidae,Kelpfish Unid,KELU,742,
tally-species,10149,Trachipterus altivelis,King of the Salmon,KISA,608,
tally-species,10150,Rissa tridactyla,Black-legged Kittiwake,BLKI,976,
tally-species,10151,Alepisaurus ferox,Longnose Lancetfish,LOLA,785,
tally-species,10152,Alepisauridae,Lancetfish Unid,LANC,699,
tally-species,10153,Myctophidae,Lanternfish Unid,LANU,700,
tally-species,10154,Phosichthyidae,Lightfish Unid,LIGU,150,
tally-species,10156,Synodus lucioceps,California Lizardfish,CALI,151,
tally-species,10157,Panulirus interruptus,California Spiny Lobster,LOBS,31,
tally-species,10158,Gavia immer,Common Loon,COLO,941,
tally-species,10159,Gavia stellata,Red-throated Loon,RTLO,939,
tally-species,10160,Gaviidae,Loon Unid,LOON,944,
tally-species,10161,Malacosteinae,Loosejaw Unid,LOOU,152,
tally-species,10162,Luvarus imperialis,Louvar,LOUV,153,
tally-species,10163,Eumicrotremus orbis,Pacific Spiny Lumpsucker,PSLU,530,
tally-species,10164,Cyclopteridae,Lumpsucker Unid,LUMU,525,
tally-species,10165,Auxis rochei,Bullet Mackerel,BUMA,198,
tally-species,10166,Auxis thazard,Frigate Mackerel,FRMI,197,
tally-species,10167,Trachurus symmetricus,Jackmackerel,JMCK,207,
tally-species,10168,Scomber japonicus,Pacific Mackerel,PAMA,199,
tally-species,10169,Caristius macropus,Manefish,MANE,774,
tally-species,10170,Icichthys lockingtoni,Medusafish,MEDU,154,
tally-species,10171,Porichthys notatus,Plainfin Midshipman,MSHP,664,
tally-species,10172,Mollusca,Mollusk Unid,UMSK,34,
tally-species,10173,Physiculus rastrelliger,Hundred fathom Mora,HUMO,155,
tally-species,10174,Mud,"Kelp, Rocks, Wood, etc Mud",WOOD,666,
tally-species,10175,Uria,Murre Unid,MURRE,987,
tally-species,10176,Brachyramphus marmoratus,Marbled Murrelet,MAMU,994,
tally-species,10177,Synthliboramphus antiquus,Ancient Murrelet,ANMU,993,
tally-species,10178,Enteroctopus dofleini,Common/Giant Pacific Octopus,PAOC,61,
tally-species,10179,Octopoda,Octopus Unid,OCTU,60,
tally-species,10180,Lampris gattatus,Opah,OPAH,297,
tally-species,10181,Allocyttus folletti,Oxeye Oreo,OXOR,295,
tally-species,10182,Notosudidae,Paperbone Unid,PAPU,762,
tally-species,10183,Caniformia,Pinniped Unid,PINU,1020,
tally-species,10184,Syngnathus leptorynchus,Bay Pipefish,BAPI,185,
tally-species,10185,Cosmocampus arctus,Snubnose Pipefish,SNPI,186,
tally-species,10187,Bathyagonus pentacanthus,Bigeye Starsnout Poacher,BSTP,454,
tally-species,10188,Xeneretmus latifrons,Blackedge Poacher,BLPO,455,
tally-species,10189,Bathyagonus nigripinnis,Blackfin starnose Poacher,BKPO,456,
tally-species,10190,Xeneretmus triacanthus,Bluespotted Poacher,BSPO,457,
tally-species,10191,Agonopsis vulsa,Northern spearnose Poacher,NSPO,458,
tally-species,10192,Stellerina xyosterna,Pricklebreast Poacher,PRIP,459,
tally-species,10193,Odontopyxis trispinosa,Pygmy Poacher,PYPO,460,
tally-species,10194,Bothragonus swanii,Rockhead Poacher,ROPO,461,
tally-species,10195,Xeneretmus leiops,Smootheye Poacher,SMPO,462,
tally-species,10196,Agonopsis sterletus,Southern Spearnose Poacher,SSPO,463,
tally-species,10197,Bathyagonus infraspinatus,Spinycheek Starnose Poacher,STPO,464,
tally-species,10198,Pallasina barbata,Tubenose Poacher,TUPO,465,
tally-species,10199,Agonidae,Poacher Unid,POAU,450,
tally-species,10200,Chesnonia verrucosa,Warty Poacher,WAPO,466,
tally-species,10201,Brama japonica,Pacific Pomfret,PAPO,158,
tally-species,10202,Phocoenoides dalli,Dalls Porpoise,DAPO,1021,
tally-species,10203,Phocoena phocoena,Harbor Porpoise,HAPO,1022,
tally-species,10204,Phocoenidae,Porpoise Unid,PORP,1023,
tally-species,10205,Stichaeidae,Prickleback Unid,UPRK,750,
tally-species,10206,Zaprora silenus,Prowfish,PROW,205,
tally-species,10207,Fratercula cirrhata,Tufted Puffin,TUPU,992,
tally-species,10208,Icosteus aenigmaticus,Ragfish,RAGF,280,
tally-species,10209,Hydrolagus colliei,Spotted Ratfish,RATF,99,
tally-species,10210,Myliobatis californica,Bat Ray,BTRY,561,
tally-species,10211,Torpedo californica,Pacific Electric Ray,PERA,562,
tally-species,10212,Myliobatiformes,Ray Unid,RAYU,563,
tally-species,10213,Trachipteridae,Ribbonfish Unid,RIBU,564,
tally-species,10214,Sebastes aurora,Aurora Rockfish,ARRA,334,
tally-species,10215,Sebastes rufus,Bank Rockfish,BANK,337,
tally-species,10216,Sebastes melanops,Black Rockfish,BLCK,306,
tally-species,10217,Sebastes chrysomelas,Black and Yellow Rockfish,BYEL,355,
tally-species,10218,Sebastes melanostomus,Blackgill Rockfish,BLGL,319,
tally-species,10219,Sebastes mystinus,Blue/Deacon Rockfish,BLUR,316,
tally-species,10220,Sebastes paucispinis,Bocaccio Rockfish,BCAC,302,
tally-species,10221,Sebastes gilli,Bronzespotted Rockfish,BRNZ,356,
tally-species,10222,Sebastes dalli,Calico Rockfish,CLCO,357,
tally-species,10223,Sebastes pinniger,Canary Rockfish,CNRY,314,
tally-species,10224,Sebastes phillipsi,Chameleon Rockfish,CMEL,358,
tally-species,10225,Sebastes nebulosus,China Rockfish,CHNA,359,
tally-species,10226,Sebastes caurinus,Copper Rockfish,COPP,327,
tally-species,10227,Sebastes levis,Cowcod Rockfish,CWCD,360,
tally-species,10228,Sebastes rufinanus,Dwarf-red Rockfish,DWRF,361,
tally-species,10229,Sebastes rubrivinctus,Flag Rockfish,FLAG,362,
tally-species,10230,Sebastes lentiginosus,Freckled Rockfish,FRCK,363,
tally-species,10231,Sebastes rastrelliger,Grass Rockfish,GRAS,365,
tally-species,10232,Sebastes rosenblatti,Greenblotched Rockfish,GBLC,366,
tally-species,10233,Sebastes chlorostictus,Greenspotted Rockfish,GSPT,339,
tally-species,10234,Sebastes elongatus,Greenstriped Rockfish,GSRK,313,
tally-species,10235,Sebastes semicinctus,Halfbanded Rockfish,HBRK,367,
tally-species,10236,Sebastes variegatus,Harlequin Rockfish,HLQN,323,
tally-species,10237,Sebastes umbrosus,Honeycomb Rockfish,HNYC,368,
tally-species,10238,Sebastes atrovirens,Kelp Rockfish,KLPR,369,
tally-species,10239,Sebastolobus altivelis,Longspine Thornyhead,LSPN,352,
tally-species,10240,Sebastes macdonaldi,Mexican Rockfish,MXRF,370,
tally-species,10241,Sebastes polyspinis,Northern Rockfish,NRCK,303,
tally-species,10242,Sebastes serranoides,Olive Rockfish,OLVE,371,
tally-species,10243,Sebastes alutus,Pacific Ocean Perch Rockfish,POP,301,
tally-species,10244,Sebastes eos,Pink Rockfish,PNKR,372,
tally-species,10245,Sebastes emphaeus,Puget Sound Rockfish,PUGT,374,
tally-species,10246,Sebastes wilsoni,Pygmy Rockfish,PGMY,335,
tally-species,10247,Sebastes maliger,Quillback Rockfish,QLBK,343,
tally-species,10248,Sebastes proriger,Redstripe Rockfish,REDS,324,
tally-species,10249,Sebastes helvomaculatus,Rosethorn Rockfish,RSTN,309,
tally-species,10250,Sebastes rosaceus,Rosy Rockfish,ROSY,312,
tally-species,10251,Sebastes zacentrus,Sharpchin Rockfish,SHRP,304,
tally-species,10252,Sebastes melanosema,Semaphore Rockfish,SERF,375,
tally-species,10253,Sebastes jordani,Shortbelly Rockfish,SBLY,318,
tally-species,10254,Sebastes borealis,Shortraker Rockfish,SRKR,326,
tally-species,10255,Sebastes brevispinis,Silvergray Rockfish,SLGR,310,
tally-species,10256,Sebastes ovalis,Speckled Rockfish,SPKL,376,
tally-species,10257,Sebastes diploproa,Splitnose Rockfish,SNOS,315,
tally-species,10258,Sebastes hopkinsi,Squarespot Rockfish,SQRS,377,
tally-species,10259,Sebastes constellatus,Starry Rockfish,STAR,378,
tally-species,10260,Sebastes saxicola,Stripetail Rockfish,STRK,328,
tally-species,10261,Sebastes ensifer,Swordspine Rockfish,SWSP,379,
tally-species,10262,Sebastes nigrocinctus,Tiger Rockfish,TIGR,329,
tally-species,10263,Sebastes serriceps,Treefish Rockfish,TREE,380,
tally-species,10264,Sebastes,Rockfish Unid,ROCU,300,
tally-species,10265,Sebastes miniatus,Vermilion Rockfish,VRML,331,
tally-species,10266,Sebastes entomelas,Widow Rockfish,WDOW,305,
tally-species,10267,Sebastes ruberrimus,Yelloweye Rockfish,YEYE,322,
tally-species,10268,Sebastes reedi,Yellowmouth Rockfish,YMTH,320,
tally-species,10269,Sebastes flavidus,Yellowtail Rockfish,YTRK,321,
tally-species,10270,Rathbunella hypoplecta,Stripefin Ronquil,STRO,242,
tally-species,10271,Ronquilus jordani,Northern Ronquil,NORO,241,
tally-species,10272,Bathymasteridae,Ronquil Unid,RONU,240,
tally-species,10273,Roundfish unid,Roundfish Unid,ROUU,200,
tally-species,10274,Oncorhynchus,Salmon Unid,SALU,220,
tally-species,10275,Clypeasteroida,Sand Dollar Unid,SADU,40,
tally-species,10276,Citharichthys xanthostigma,Longfin Sanddab,LDAB,125,
tally-species,10277,Citharichthys stigmaeus,Speckled Sanddab,SSDB,126,
tally-species,10278,Citharichthys,Sanddab Unid,SDAB,136,
tally-species,10279,Trichodon trichodon,Pacific Sandfish,PASA,239,
tally-species,10280,Sardinops sagax,Pacific Sardine,PSDN,614,
tally-species,10281,Cololabis saira,Pacific Saury,PSAU,607,
tally-species,10282,Melanostomiinae,Scaleless Dragonfish Unid,SCDU,790,
tally-species,10283,Stomiinae,Scaly Dragonfish Unid,SDRU,791,
tally-species,10284,Scorpaena guttata,California Scorpionfish,SCOR,423,
tally-species,10285,Hemilepidotus spinosus,Brown Irish Lord Sculpin,BILS,408,
tally-species,10286,Enophrys bison,Buffalo Sculpin,BUSC,409,
tally-species,10287,Enophrys taurina,Bull Sculpin,BLSC,410,
tally-species,10288,Icelinus fimbriatus,Fringed Sculpin,FRSC,411,
tally-species,10289,Rhamphocottus richardsoni,Grunt Sculpin,GRSC,412,
tally-species,10290,Leptocottus armatus,Pacific Staghorn Sculpin,PSSC,413,
tally-species,10291,Hemilepidotus hemilepidotus,Red Irish Lord Sculpin,RILS,407,
tally-species,10292,Chitonotus pugetensis,Roughback Sculpin,ROSC,414,
tally-species,10293,Clinocottus acuticeps,Sharpnose Sculpin,SSCL,415,
tally-species,10294,Blepsias cirrhosus,Silverspotted Sculpin,SSSC,416,
tally-species,10295,Radulinus asprellus,Slim Sculpin,SLSC,417,
tally-species,10296,Dasycottus setiger,Spinyhead Sculpin,SHSC,418,
tally-species,10297,Icelinus filamentosus,Threadfin Sculpin,TNSC,421,
tally-species,10298,Cottidae,Sculpin Unid,SCLP,400,
tally-species,10299,Icelinus quadriseriatus,Yellowchin Sculpin,YESC,422,
tally-species,10300,Zalophus californianus,California Sea Lion,CASL,1024,
tally-species,10301,Otariidae,Sea Lion Unid,SELU,1026,
tally-species,10302,Enhydra lutris,Sea Otter,SEOT,1027,
tally-species,10303,Phoca vitulina,Harbor Seal,HASE,1028,
tally-species,10304,Phocidae,Seal Unid,SEAL,1030,
tally-species,10305,Prionotus stephanophrys,Lumptail Searobin,LUMS,792,
tally-species,10306,Oxyjulis californica,Senorita Senorita,SESE,793,
tally-species,10307,Alosa sapidissima,American Shad,AMSH,606,
tally-species,10308,Alopias superciliosus,Bigeye Thresher Shark,ISRK,575,
tally-species,10309,Prionace glauca,Blue Shark,BSRK,69,
tally-species,10310,Apristurus brunneus,Brown Cat Shark,BCRK,68,
tally-species,10311,Mustelus henlei,Brown Smoothhound Shark,BSMK,576,
tally-species,10312,Alopias vulpinus,Common Thresher Shark,TSRK,577,
tally-species,10313,Squalus sp.,Dogfish Shark Unid,,578,0
tally-species,10314,Parmaturus xaniurus,Filetail Cat Shark,FCRK,579,
tally-species,10315,Mustelus californicus,Gray Smoothhound Shark,GSSK,580,
tally-species,10316,Heterodontus francisci,Horn Shark,HOSK,581,
tally-species,10317,Triakis semifasciata,Leopard Shark,LSRK,582,
tally-species,10318,Squatina californica,Pacific Angel Shark,ASRK,583,
tally-species,10320,Somniosus pacificus,Pacific Sleeper Shark,PSSH,62,
tally-species,10321,Alopias pelagicus,Pelagic Thresher Shark,PSRK,585,
tally-species,10322,Echinorhinus cookei,Prickly Shark,PRSH,586,
tally-species,10323,Galeorhinus galeus,Soupfin Shark,SSRK,64,
tally-species,10324,Cephaloscyllium ventriosum,Swell Shark,SWSH,587,
tally-species,10325,Squaliformes,Shark Unid,SHRK,65,
tally-species,10326,Puffinus opisthomelas,Black-vented Shearwater,BVSH,953,
tally-species,10327,Puffinus tenuirostris,Short-tailed Shearwater,STSH,957,
tally-species,10328,Puffinus creatopus,Pink-footed Shearwater,PFSH,955,
tally-species,10329,Semicossyphus pulcher,California Sheephead,SHPD,794,
tally-species,10330,Pandalus hypsinotus,Humpback Shrimp,HUSH,72,
tally-species,10331,Pandalus jordani,Pink Shrimp,,73,0
tally-species,10332,Pandalopsis dispar,Sidestripe Shrimp,SISH,74,
tally-species,10333,Pandalus platyceros,Spot Prawn,SPRW,76,
tally-species,10334,Raja binoculata,Big Skate,BSKT,550,
tally-species,10335,Bathyraja trachura,Black Skate,BLSK,551,
tally-species,10336,Raja inornata,California Skate,CSKT,552,
tally-species,10337,Raja rhina,Longnose Skate,LSKT,554,
tally-species,10338,Bathyraja kincaidii,Sandpaper Skate,SASK,555,
tally-species,10339,Raja stellulata,Starry Skate,STSK,556,
tally-species,10340,Rajidae,Skate Unid,USKT,90,
tally-species,10341,Alepocephalidae,Slickhead Unid,SCKU,162,
tally-species,10342,Atherinopsis californiensis,Jacksmelt,JACK,175,
tally-species,10343,Spirinchus starksi,Night Smelt,NISM,176,
tally-species,10344,Hypomesus pretiosus,Surf Smelt,SUME,177,
tally-species,10345,Atherinops affinis,Top Smelt,TOSM,178,
tally-species,10346,Astronesthinae,Snaggletooth Unid,SNGU,795,
tally-species,10347,Careproctus melanurus,Blacktail Snailfish,BLSN,501,
tally-species,10348,Liparis cyclopus,Ribbon Snailfish,RISN,503,
tally-species,10349,Liparis rutteri,Ringtail Snailfish,RNSN,504,
tally-species,10350,Liparis pulchellus,Showy Snailfish,SHSN,505,
tally-species,10351,Liparis callyodon,Spotted Snailfish,SPSN,507,
tally-species,10352,Liparidae,Snailfish Unid,SNLU,500,
tally-species,10353,Hippoglossina stomata,Bigmouth Sole,BISO,119,
tally-species,10354,Embassichthys bathybius,Deepsea Sole,DESO,110,
tally-species,10355,Microstomus pacificus,Dover Sole,DOVR,107,
tally-species,10356,Parophrys vetulus,English Sole,EGLS,108,
tally-species,10357,Xystreurys liolepis,Fantail Sole,FNTS,120,
tally-species,10358,Hippoglossoides elassodon,Flathead Sole,FSOL,103,
tally-species,10359,Inopsetta ischyra,Hybrid Sole,HYSO,116,
tally-species,10360,Eopsetta jordani,Petrale Sole,PTRL,112,
tally-species,10361,Glyptocephalus zachirus,Rex Sole,REX,105,
tally-species,10362,Lepidopsetta,Rock Sole,RSOL,104,
tally-species,10363,Clidoderma asperrimum,Roughscale Sole,ROSO,114,
tally-species,10364,Psettichthys melanostictus,Sand Sole,SSOL,115,
tally-species,10365,Lyopsetta exilis,Slender Sole,SLNS,111,
tally-species,10366,Porifera,Sponge Unid,SPOU,26,
tally-species,10368,Opisthoproctidae,Barreleyes/Spookfishes,BASP,796,
tally-species,10369,Tetragonurus cuvieri,Smalleye Squaretail,SMSQ,270,
tally-species,10370,Moroteuthis robusta,Giant Squid,GISQ,51,
tally-species,10371,Gorgonocephalus eucnemis,Basket Starfish,BAST,21,
tally-species,10372,Ophiuroidea,Brittle/Basket Star Unid,BBSU,22,
tally-species,10373,Solaster,Sunstar Starfish,SUST,24,
tally-species,10374,Dasyatis dipterura,Diamond Stingray,DIST,559,
tally-species,10375,Urobatis halleri,Round Stingray,ROST,560,
tally-species,10376,Oceanodroma melania,Black Storm-Petrel,BSPE,959,
tally-species,10377,Oceanodroma leucorhoa,Leachs Storm-Petrel,LSPE,965,
tally-species,10378,Oceanodroma microsoma,Least Storm-Petrel,LPET,966,
tally-species,10379,Hydrobatidae,Storm-Petrel Unid,STPU,958,
tally-species,10380,Acipenser transmontanus,White Sturgeon,WSTG,232,
tally-species,10381,Acipenser,Sturgeon Unid,STUU,230,
tally-species,10382,Embiotoca jacksoni,Black Surfperch,BSCU,630,
tally-species,10383,Amphistichus koelzi,Calico Surfperch,CASU,631,
tally-species,10384,Brachyistius frenatus,Kelp Surfperch,KESU,632,
tally-species,10385,Rhacochilus vacca,Pile Surfperch,PISU,633,
tally-species,10386,Amphistichus rhodoterus,Redtail Surfperch,RESU,636,
tally-species,10387,Rhacochilus toxotes,Rubberlip Surfperch,RUSU,637,
tally-species,10388,Cymatogaster aggregata,Shiner Surfperch,SHSU,638,
tally-species,10389,Hyperprosopon ellipticum,Silver Surfperch,SISC,639,
tally-species,10390,Hyperprosopon anale,Spotfin Surfperch,SPSU,640,
tally-species,10391,Embiotoca lateralis,Striped Surfperch,STSU,641,
tally-species,10392,Embiotocidae,Surfperch Unid,SURU,642,
tally-species,10393,Hyperprosopon argenteum,Walleye Surfperch,WASU,643,
tally-species,10394,Phanerodon furcatus,White Surfperch,WHSU,644,
tally-species,10395,Symphurus atricauda,California Tonguefish,CATO,113,
tally-species,10396,Oncorhynchus clarkii clarkii,Cutthroat Trout,CUTR,227,
tally-species,10397,Platytroctidae,Tubeshoulder Unid,TUBU,807,
tally-species,10398,Thunnus obesus,Bigeye Tuna,BITU,711,
tally-species,10399,Thunnus thynnus,Bluefin Tuna,BTNA,712,
tally-species,10400,Thunnus albacares,Yellowfin Tuna,YTNA,714,
tally-species,10401,Pleuronichthys decurrens,Curlfin Sole,CSOL,117,
tally-species,10402,Hypsopsetta guttulata,Diamond Turbot,DTRB,121,
tally-species,10403,Pleuronichthys verticalis,Hornyhead Turbot,HTRB,122,
tally-species,10404,Pleuronichthys ritteri,Spotted Turbot,SPTU,123,
tally-species,10405,Chelonia mydas,Green Turtle,GRTU,1071,
tally-species,10406,Eretmochelys imbricata,Hawksbill Turtle,HATU,1072,
tally-species,10407,Caretta caretta,Loggerhead Turtle,LOTU,1074,
tally-species,10408,Lepidochelys olivacea,Olive Ridley Turtle,ORTU,1075,
tally-species,10409,Chelonidae,Turtle Unid,TURU,1070,
tally-species,10410,Allocentrotus fragilis,Pink Urchin,PIUR,56,
tally-species,10411,Strongylocentrotus franciscanus,Red Urchin,REUR,57,
tally-species,10412,Chauliodus macouni,Pacific Viperfish,PAVI,797,
tally-species,10413,Chauliodontinae,Viperfish Unid,VIPE,805,
tally-species,10414,Eubalaena glacialis,North Pacific Right Whale,NPRW,1038,
tally-species,10415,Balaenoptera musculus,Blue Whale,BLWH,1031,
tally-species,10416,Balaenoptera physalus,Fin Whale,FIWH,1033,
tally-species,10417,Balaenoptera borealis,Sei Whale,SEWH,1040,
tally-species,10418,Megaptera novaeangliae,Humpback Whale,HUWH,1035,
tally-species,10419,Eschrichtius robustus,Gray Whale,GRWH,1034,
tally-species,10420,Physeter macrocephalus,Sperm Whale,SPWH,1042,
tally-species,10421,Kogia sima,Dwarf Sperm Whale,DSWH,1032,
tally-species,10422,Cetacea,Whale Unid,WHAL,1043,
tally-species,10423,Anarrhichthys ocellatus,Wolf-eel,WEEL,780,
tally-species,10424,Cryptacanthodes giganteus,Giant Wrymouth,GIWR,760,
tally-species,10425,Cryptacanthodidae,Wrymouth Unid,WRYU,799,
tally-species,10426,Bivalvia,Clam Unid,CLAU,29,
tally-species,10427,Sebastes Shortraker/Rougheye/Blackspotted,Shortraker/Rougheye/Blackspotted Rockfish,SRRF,354,
tally-species,10428,Ascidiacea,Sea Squirts Unid,SSQU,47,
tally-species,10429,Hexanchus griseus,Sixgill Shark,SIXG,78,
tally-species,10430,Echinoidea,Urchin Unid,URCH,54,
tally-species,10431,Globicephala macrorhynchus,Short-finned Pilot Whale,SFPW,1041,
tally-species,10432,Mola mola,Mola Mola [Sunfish],MOLA,810,
tally-species,10433,Uria aalge,Common Murre,CNMU,989,
tally-species,10434,Bivalvia,Mussel Unid,MUSU,36,
tally-species,10435,Oncorhynchus keta,Chum [Dog] Salmon,CHUM,221,
tally-species,10436,Oncorhynchus tshawytscha,Chinook [King] Salmon,CHNK,222,
tally-species,10437,Oncorhynchus gorbuscha,Pink [Humpback] Salmon,PINK,225,
tally-species,10438,Oncorhynchus nerka,Sockeye [Red] Salmon,SOCK,224,
tally-species,10439,Oncorhynchus kisutch,Coho [Silver] Salmon,COHO,223,
tally-species,10440,Bivalvia,Scallop Unid,SCLU,42,
tally-species,10441,Caridea,Shrimp Unid,SHRU,70,
tally-species,10442,Pleuronichthys coenosus,C-O [C-O Turbot] Sole,CTRB,118,
tally-species,10443,Dosidicus gigas,Humboldt [Jumbo] Squid,HUSQ,620,
tally-species,10444,Oncorhynchus mykiss,Steelhead [Rainbow Trout],STLH,226,
tally-species,10445,Tunicata,Tunicata Unid,TUNU,49,
tally-species,10446,Ptychoramphus aleuticus,Cassins Auklet,CAAU,996,
tally-species,10447,Paralabrax nebulifer,Barred Sand Bass,BASB,475,
tally-species,10448,Morone saxatilis,Striped Bass,STRB,479,
tally-species,10449,Ziphius cavirostris,Cuviers Beaked Whale,CBWH,1003,
tally-species,10450,Neoloricata,Chiton Unid,CHIU,28,
tally-species,10451,Zaniolepis latipinnis,Longspine Combfish,LOCO,690,
tally-species,10452,Phalacrocorax penicillatus,Brandts Cormorant,BRCO,962,
tally-species,10453,Platymera gaudichaudii,Armed Box Crab,ABCB,5,
tally-species,10454,Chionoecetes spp.,Tanner Unid Crab,TCRB,3,
tally-species,10455,Crinoidea,Crinoids Unid,CRIU,53,
tally-species,10456,Genyonemus lineatus,White Croaker,WCRK,728,
tally-species,10457,Ophidion scrippsae,Basketweave Cusk-eel,BACE,264,
tally-species,10458,Decomposed fish,Decomposed Fish,DEFI,899,
tally-species,10459,Lycodes pacificus,Blackbelly Eelpout,BBEE,256,
tally-species,10460,Lycodapus mandibularis,Pallid Eelpout,PAEE,260,
tally-species,10461,Egg case unid,Egg case Unid,EGGU,91,
tally-species,10462,Pleuronectiformes,Flatfish Unid,FLAU,100,
tally-species,10463,Neoclinus uninotatus,Onespot Fringehead,ONFR,435,
tally-species,10464,Hexagrammidae,Greenling Unid,GREE,390,
tally-species,10465,Cepphus columba,Pigeon Guillemot,PIGU,947,
tally-species,10466,Larus occidentalis,Western Gull,WEGU,982,
tally-species,10467,Larus argentatus,Herring Gull,HERG,977,
tally-species,10468,Isopoda,Isopod Unid,ISOU,33,
tally-species,10469,Gibbonsia metzi,Striped Kelpfish,STKE,741,
tally-species,10470,Petromyzontidae,Lamprey Unid,LAMU,75,
tally-species,10471,Hirudinea,Leech Unid,LEEU,52,
tally-species,10472,Ophiodon elongatus,Lingcod,LCOD,603,
tally-species,10473,Gavia pacifica,Pacific Loon,PALO,940,
tally-species,10474,Scombridae,Mackerel Unid,MACU,196,
tally-species,10475,Porichthys myriaster,Specklefin Midshipman,SPMI,665,
tally-species,10476,Mugil cephalus,Striped Mullet,STMU,156,
tally-species,10477,Nudibranchia,Nudibranch Unid,NUDU,25,
tally-species,10478,Girella nigricans,Opaleye,OPAL,157,
tally-species,10479,Pelecanus occidentalis,Brown Pelican,BRPE,910,
tally-species,10480,Podothecus acipenserinus,Sturgeon Poacher,STOP,452,
tally-species,10481,Gadus chalcogrammus,Walleye Pollock,PLCK,201,
tally-species,10482,Cebidichthys violaceus,Monkeyface Prickleback,MEEL,272,
tally-species,10483,Seriphus politus,Queenfish,QFSH,159,
tally-species,10484,Sebastes auriculatus,Brown Rockfish,BRWN,332,
tally-species,10485,Sebastes goodei,Chilipepper Rockfish,CLPR,325,
tally-species,10486,Sebastes crameri,Darkblotched Rockfish,DBRK,311,
tally-species,10487,Sebastes carnatus,Gopher Rockfish,GPHR,364,
tally-species,10488,Sebastes simulator,Pinkrose Rockfish,PRRK,373,
tally-species,10489,Sebastes babcocki,Redbanded Rockfish,RDBD,308,
tally-species,10490,Sebastes aleutianus,Rougheye/Blackspotted Rockfish,REYE,307,
tally-species,10491,Sebastolobus alascanus,Shortspine Thornyhead,SSPN,350,
tally-species,10492,Sebastolobus,Shortspine/ Longspine Thornyhead,THDS,349,
tally-species,10493,Anoplopoma fimbria,Sablefish,SABL,203,
tally-species,10494,Citharichthys sordidus,Pacific Sanddab,PDAB,137,
tally-species,10495,Ammodytes hexapterus,Pacific Sandlance,PSAN,670,
tally-species,10496,Paricelinus hopliticus,Thornback Sculpin,THSC,420,
tally-species,10497,Eumetopias jubatus,Steller Sea Lion,STSL,1025,
tally-species,10498,Mirounga angustirostris,Northern Elephant Seal,NESE,1029,
tally-species,10499,Squalus suckleyi,Pacific Spiny Dogfish,DSRK,66,
tally-species,10500,Puffinus griseus,Sooty Shearwater,SOSH,956,
tally-species,10501,Pandalus danae,Coonstripe Shrimp,COSH,71,
tally-species,10502,Osmeridae,Smelt Unid,SMLT,602,
tally-species,10503,Paraliparis deani,Prickly Snailfish,PRSN,502,
tally-species,10504,Liparis fucensis,Slipskin Snailfish,SLSN,506,
tally-species,10505,Isopsetta isolepis,Butter Sole,BSOL,109,
tally-species,10506,Doryteuthis opalescens,Market Squid,MSQD,621,
tally-species,10507,Asteroidea,Sea Star Unid,SSTU,20,
tally-species,10508,Oceanodroma furcata,Fork-tailed Storm-Petrel,FTSP,960,
tally-species,10509,Acipenser medirostris,Green Sturgeon,GSTG,231,
tally-species,10510,Hydroprogne caspia,Caspian Tern,CATE,911,
tally-species,10511,Thunnus alalunga,Albacore Tuna,ALBC,710,
tally-species,10512,Euthynnus lineatus,Skipjack Tuna,STNA,713,
tally-species,10513,Reinhardtius hippoglossoides,Greenland Turbot,GTRB,102,
tally-species,10514,Dermochelys coriacea,Leatherback Turtle,LETU,1073,
tally-species,10515,Balaenoptera acutorostrata,Minke Whale,MIWH,1037,
tally-species,10516,Orcinus orca,Killer Whale,KIWH,1036,
tally-species,10517,Cryptacanthodes aleutensis,Dwarf Wrymouth,DWWR,783,
tally-species,10519,Gastropoda,Sea Snail Unid,SSNU,30,
tally-species,10520,Teuthida,Squid Unid,SQID,50,
tally-species,10521,Poroclinus rothrocki,Whitebarred Prickleback,WHPI,273,
tally-species,10522,Platyrhinoidis triseriata,Thornback,THOR,557,
tally-species,10523,Talismania bifurcata,Threadfin Slickhead,THSL,161,
tally-species,10524,Kogia breviceps,Pygmy Sperm Whale,PSWH,1039,
tally-species,10525,Bathyraja abyssicola,Deepsea Skate,DESK,553,
tally-species,10526,Bathyraja spinosissima,White Skate,WHSK,558,
tally-species,10527,Aphroditidae,Sea Mouse Unid,SEMU,59,
tally-species,10528,Coryphaenoides cinereus,Popeye Grenadier,POGR,84,
tally-species,10529,Alepocephalus tenebrosus,California Slickhead,CSHD,160,
tally-species,10530,Paralithodes californiensis,California King Crab,CKCR,7,
tally-species,10531,Octocorallia,Sea Whip/Fan Unid,,58,0
tally-species,10532,Icelinus tenuis,Spotfin Sculpin,SPSC,419,
tally-species,10533,Zalembius rosaceus,Pink Surfperch,PSUR,634,
tally-species,10534,Caulolatilus princeps,Ocean Whitefish,OWFS,798,
tally-species,10535,Hypsurus caryi,Rainbow Surfperch,RASU,635,
tally-species,10538,Mammalia,Marine mammal Unid,MARU,1000,
tally-species,10540,Cancer gracilis,Graceful Crab,GRCR,44,
tally-species,10541,Allosmerus elongatus,Whitebait Smelt,WHSM,613,
tally-species,10542,Eptatretus deani,Black Hagfish,BLHA,850,
tally-species,10543,Sicyonia ingentis,Ridgeback Prawn,RIPR,851,
tally-species,10545,Apristurus kampae,Longnose Cat Shark,LCSH,852,
tally-species,10546,Hypsypops rubicundus,Garibaldi,GARI,853,
tally-species,10547,Balistes polylepis,Finescale Triggerfish,FITR,854,
tally-species,10548,Anoplogaster cornuta,Fangtooth,FANG,855,
tally-species,10549,Psychrolutes phrictus,Blob Sculpin,BLSU,856,
tally-species,10550,Kathetostoma averruncus,Smooth Stargazer,SMST,857,
tally-species,10551,Delphinus,Common Unid Dolphin,CDOL,1044,
tally-species,10552,Exocoetidae,Flying Fish Unid,FLYU,858,
tally-species,10553,Paraliparis rosaceus,Pink Snailfish,PISN,859,
tally-species,10554,Halargyreus johnsonii,Slender Codling,SLCO,860,
tally-species,10557,Pteroplatytrygon violacea,Pelagic Stingray,PEST,862,
tally-species,10558,Crangon communis,Crangon Shrimp,CRSH,863,
tally-species,10559,Opisthoteuthis californiana,Flapjack Devilfish,FLDE,864,
tally-species,10561,Pasiphaea tarda,Crimson Pasiphaeid Shrimp,CRPS,865,
tally-species,10563,Brachiopoda,Brachiopod Unid,BRAU,866,
tally-species,10564,Leiocottus hirundo,Lavender Sculpin,LVSC,867,
tally-species,10565,Lycenchelys crotalinus,Snakehead Eelpout,SNAU,868,
tally-species,10566,Batrachoididae,Midshipman [Toadfish] Unid,MIDU,869,
tally-species,10567,Scyliorhinidae,Cat Shark Unid,CATU,870,
tally-species,10568,Glyptolithodes cristatipes,Deep-sea Rock Crab,DSRC,871,
tally-species,10569,Paralomis manningi,Deep-sea Spider Crab,DSSC,872,
tally-species,10570,Cancer branneri,Furrowed Rock Crab,FRCB,873,
tally-species,10571,Carcinus maenas,Green Crab,GRCB,874,
tally-species,10572,Phyllolithodes papillosus,Heart Crab,HECR,875,
tally-species,10573,Pugettia ssp,Kelp Unid Crab,KECR,876,
tally-species,10574,Macroregonia macrochira,Long-armed Spider Crab,LASC,877,
tally-species,10575,Loxorhynchus crispatus,Masking Crab,MASU,878,
tally-species,10576,Cancer antennarius,Pacific Rock Crab,PRCR,879,
tally-species,10577,Porcellanidae,Porcelain Unid Crab,PORU,880,
tally-species,10578,Lopholithodes mandtii,Puget Sound King Crab,PSKC,881,
tally-species,10579,Randallia ornata,Purple Globe Crab,PGCR,882,
tally-species,10580,Rhinolithodes wosnessenskii,Rhinoceros Crab,RHCR,883,
tally-species,10581,Loxorhynchus grandis,Sheep Crab,SHCR,884,
tally-species,10582,Neolithodes diomedeae,Spiky King Crab,SKCR,885,
tally-species,10583,Cryptolithodes ssp,Umbrella Unid Crab,UMCR,886,
tally-species,10584,Portunus xantusii,Xantus Swimming Crab,XSCR,887,
tally-species,10585,Amphipoda,Amiphpod Unid,AMIU,1206,
tally-species,10586,Solenogastres,Solenogastres Unid,SOLU,1207,
tally-species,10587,Antipatharia,Black Coral,BLCO,1201,
tally-species,10588,Alcyonacea,Gorgonian Coral Unid,GORU,1202,
tally-species,10589,Alcyoniina,Soft Coral,SOCO,1203,
tally-species,10590,Callinectes arcuatus,Arched Swimming Crab,ASCB,888,
tally-species,10591,Scleractinia,Stony Coral,STCO,1204,
tally-species,10592,Sipuncula,Peanut Worm Unid,PEAU,1208,
tally-species,10593,Pycnogonida,Sea Spider Unid,SSPU,889,
tally-species,10594,Annelida,Worm Unid,WORM,1209,
tally-species,10595,Palinuridae,Spiny Lobster Unid,SLOB,891,
tally-species,10596,Galatheidae,Squat Lobster Unid,SQLU,890,
tally-species,10597,Stylasteridae,Hydrocoral,HYDR,1205,
tally-species,10598,Crustacea,Crustacean Unid,CRUU,892,
tally-species,10599,Zaniolepis,Combfish Unid,COMU,1210,
tally-species,10601,Puffinus,Shearwater Unid,SHEU,997,
tally-species,10602,Gymnothorax mordax,California Moray,CAMO,1212,
tally-species,10603,Halichoeres semicinctus,Rock Wrasse,ROWR,1213,
tally-species,10604,Nemichthyidae,Snipe Unid Eel,SNIU,1214,
tally-species,10605,Brosmophycis marginata,Red Brotula,REBR,1215,
tally-species,10606,Icelinus burchami,Dusky Sculpin,DUSC,1216,
tally-species,10607,Anisotremus davidsonii,Sargo,SARG,1217,
tally-species,10608,Lepidopus xantusi,Pacific Scabbardfish,PASC,1218,
tally-species,10611,Isurus oxyrinchus,Bonito [Shortfin Mako] Shark,MAKO,1219,
tally-species,10612,Notorynchus cepedianus,Sevengill Shark,SESH,1220,
tally-species,10613,Poromitra crassiceps,Crested Bigscale,CRBI,1221,
tally-species,10614,Caelorinchus scaphopsis,Shoulderspot Grenadier,SHGR,1222,
tally-species,10615,Malacocephalus laevis,Softhead Grenadier,SOGR,1223,
tally-species,10616,Nezumia stelgidolepis,California Grenadier,CAGR,1225,
tally-species,10617,Nezumia liolepis,Smooth Grenadier,SMGR,1224,
tally-species,10618,Coryphaenoides armatus,Abyssal Grenadier,ABGR,1226,
tally-species,10619,Coryphaenoides leptolepis,Ghostly Grenadier,GHGR,1227,
tally-species,10620,Coryphaenoides yaquinae,Yaquina Grenadier,YAGR,1228,
tally-species,10621,Coryphaenoides filifer,Filamented Grenadier,FIGR,1229,
tally-species,10622,Acantholithodes hispidus,Spiny Lithode Crab,SLCR,1230,
tally-species,10623,Mobula japanica,Spinetail Mobula,SPMO,1232,
tally-species,10624,Manta birostris,Manta Ray,MARA,1231,
tally-species,10625,Mobula thurstoni,Smoothtail Mobula,SMMO,1233,
tally-species,10626,Gymnura marmorata,California Butterfly Ray,CBRA,1234,
tally-species,10627,Amblyraja badia,Roughshoulder/Broad Skate,ROSK,1235,
tally-species,10628,Bathyraja parmifera,Alaska Skate,AKSK,1236,
tally-species,10629,Bathyraja aleutica,Aleutian Skate,ASKT,1237,
tally-species,10630,Bathyraja microtrachys,Fine-spined Skate,FSSK,1239,
tally-species,10631,Bathyraja interrupta,Bering Skate,BESK,1238,
tally-species,10632,Echinoidea,Irregular Echinoids,IREC,1240,
tally-species,10633,Plectobranchus evides,Bluebarred Prickleback,BLPR,1241,
tally-species,10634,Grammonus diagrammus,Purple Brotula,PUBR,1242,
tally-species,10635,Lamna ditropis,Salmon Shark,SARK,1243,
tally-species,10636,Pennatulacea,Sea Pen/Pansies Unid,,1244,0
tally-species,10637,Sebastomus,Spotted Rockfish Unid,,1245,0
tally-species,10638,Mustelus Sp.,Smoothhound Shark Unid,SSKU,1246,
tally-species,10639,Gadidae,Cod Unid,CODU,1247,
tally-species,10640,Saccopharyngidae,Whiptail Gulper Unid,WHGU,1248,
tally-species,10641,Isurus paucus,Longfin Mako Shark,LMSH,1249,
tally-species,10642,Centroscyllium nigrum,Pacific Black Dogfish,PBDO,1250,
tally-species,10643,Sula leucogaster,Brown Booby,BRBO,998,
tally-species,10644,Stomiidae,Dragonfish Unid,DRUN,1101,
tally-species,10645,Lophiiformes,Anglerfish Unid,ANGU,10645,
tally-species,10646,Melamphaidae,Bigscale Unid,BIGU,10646,
tally-species,10647,Thalassenchelys coheni,Leaf Like Eel,LEEE,1251,
tally-species,10648,Tactostoma macropus,Longfin Dragonfish,LODR,10647,
tally-species,10649,Osmerus mordax,Rainbow Smelt,RASM,1252,
tally-species,10650,Spirinchus thaleichthys,Longfin Smelt,LOSM,1253,
tally-species,10651,Pennatulacea,Sea Whips,,1254,0
tally-species,10652,Renillidae,Sea Pansies,SEPA,1255,
tally-species,10653,Pennatulacea,Sea Pens,SEPE,1256,
tally-species,10654,Scleraxonia,Spongy Gorgonians,SPGO,1257,
tally-species,10655,Holaxonia,Horny Gorgonians,HOGO,1258,
tally-species,10656,Calcaxonia,Sea Fans,,1259,0
tally-species,10657,Isididae,Bamboo Corals,BACO,1260,
tally-species,10658,Ophichthus triserialis,Pacific Snake Eel,PSEE,1261,
tally-species,10659,Moridae,Moridae Unid,MORI,1262,
tally-species,10660,Non-Eulachon Osmeriformes,Non-Eulachon Smelt Unid,NESU,1263,
tally-species,10661,Teuthida,Non Humboldt Squid Unid,NHSU,1264,
tally-species,10662,Clupeidae,Herring Unid,HERR,1265,
tally-species,10663,Ceratioidea,Dreamers Unid,DRMR,1266,
tally-species,10664,Caprellidae,Skeleton shrimp unid,SKSU,1267,
tally-species,10665,Trichiuridae,Scabbardfishes/Cutlassfishes Unid,SCAU,1268,
tally-species,10667,Ceratiidae,Seadevils,SEAD,1270,
tally-species,10668,Polychelidae,Blind lobster unid,BLOU,1271,
tally-species,10669,Stomatopoda,Mantis Shrimp,MASH,1272,
tally-species,10670,Nettastomatidae,Duckbill Eels,DUEE,1273,
tally-species,10671,Erilepis zonifer,Skilfish,SKILF,1274,
tally-species,10673,Thaliacea,Salp Unid,SALP,1275,
tally-species,10675,Velella velella,Sail Jellyfish,SAJE,1276,
tally-species,10676,Diretmidae,Spinyfins,SPFI,1277,
tally-species,10677,Balistidae,Triggerfish Unid,OTHR,1278,
tally-species,10678,Stercorarius parasiticus,Parasitic Jaeger,PAJA,1279,
tally-species,10679,Stercorarius maccormicki,South Polar Skua,SKUA,1280,
tally-species,10680,Hydrolagus melanophasma,Eastern Pacific Black Ghost Shark,PBGS,1281,
tally-species,10681,Charadrius alexandrinus,Snowy Plover,SNPO,1282,
tally-species,10682,Zalieutes elater,Spotted Batfish,SPBA,1283,
tally-species,10683,Ectoprocta,Ectoprocta,ECTO,1284,
tally-species,10684,Alopias,Thresher Shark Unid,THRS,1285,
tally-species,10685,Sternula antillarum browni,California Least Tern,CLTE,1286,
tally-species,10686,Sepiolida,Bobtail Squid,BOSQ,1287,
tally-species,10687,Primnoidae,Primnoid Unid,PRIU,1288,
tally-species,10688,Ptilosarcus gurneyi,Orange Sea Pen,OSPE,1289,
tally-species,10689,Umbelluilidae sp.,Umbelluilidae sp.,UMBE,1290,
tally-species,10690,Anthoptilum grandiflorum,Anthoptilum grandiflorum,ANGR,1291,
tally-species,10691,Anthomastus ritteri,Mushroom Coral,MUCO,1292,
tally-species,10702,TEST,TEST,,2222,0
tally-species,10703,Parastichopus californicus,CA Sea Cucumber,USCU,1293,
tally-species,10704,Parastichopus parvimensis,Warty Sea Cucumber,WSCU,1294,
tally-species,10705,Cetacean Unid,Cetacean Unid,CETU,1295,
tally-species,10706,Stercorarius pomarinus,Pomarine Jaeger,POJA,1296,
tally-species,10707,Stercorarius longicaudus,Long-Tailed Jaeger,LTJA,1297,
tally-species,10708,Bellator xenisma,Splitnose Searobin,SPSE,1300,
tally-species,10709,Phalaropus lobatus,Red-necked Phalarope,REPH,1301,
tally-species,10710,Entosphenus tridentatus,Pacific Lamprey,PALA,1298,
tally-species,10711,Lampetra ayresii,River Lamprey,RILA,1299,
tally-species,10712,Muraenidae,Moray Unid,MORU,1302,
tally-species,10713,Phaethon aethereus,Red-billed Tropicbird,RBTR,1303,
